Book Id,Title,Author,ISBN,Publisher,Number of Pages,Original Publication Year,Date Read,Date Added,Read Count
0,282085,Human Accomplishment: The Pursuit of Excellence in the Arts and Sciences, 800 B.C. to 1950,Charles Murray,0060929642,Harper Perennial,688,2004,2021/12/26,2020/04/13,2
1,1842,Guns, Germs, and Steel: The Fates of Human Societies,Jared Diamond,0739467352,W.W. Norton & Company,498,1997,2021/12/25,2020/04/13,1
2,226635,Culture Of Honor: The Psychology Of Violence In The South,Richard E.  Nisbett,0813319935,Westview Press,144,1996,2021/12/24,2021/08/21,1
3,26254093,Better Than Carrots or Sticks: Restorative Practices for Positive Classroom Management,Dominique Smith,,ASCD,170,2015,2021/12/24,2021/12/24,1
4,31170723,Behave: The Biology of Humans at Our Best and Worst,Robert M. Sapolsky,1594205078,Penguin Press,790,2017,2021/12/24,2020/04/22,1
5,1001441,The Transsexual Empire: The Making of the She-Male,Janice G. Raymond,0807762725,Teachers College Press,264,1979,2021/12/19,2020/11/11,1
6,33606119,Why I'm No Longer Talking to White People About Race,Reni Eddo-Lodge,140887055X,Bloomsbury Circus,249,2017,2021/12/18,2021/07/20,1
7,44280883,All Boys Aren't Blue,George M. Johnson,0374312710,Farrar, Straus and Giroux (Byr),320,2020,2021/12/17,2020/11/18,1
8,9704856,The Origins of Political Order: From Prehuman Times to the French Revolution,Francis Fukuyama,0374227349,Farrar Straus Giroux,585,2011,2021/12/17,2020/05/09,1
9,654172,Critical Race Counterstories Along the Chicana/Chicano Educational Pipeline,Tara J. Yosso,041595195X,Routledge,208,2005,2021/12/15,2020/09/06,1
10,25058167,'Don't Make the Black Kids Angry': The hoax of black victimization and those who enable it.,Colin Flaherty,,,526,2015,2021/12/15,2020/09/17,1
11,25489625,Between the World and Me,Ta-Nehisi Coates,,Spiegel & Grau,152,2015,2021/12/11,2020/04/22,1
12,35883430,I'm Still Here: Black Dignity in a World Made for Whiteness,Austin Channing Brown,,Convergent Books,185,2018,2021/12/11,2020/11/16,1
13,22701368,Advanced C and C++ Compiling,Milan Stevanovic,,Apress,340,2014,2021/12/06,2020/11/12,1
14,58230355,Webassembly: The Definitive Guide: Safe, Fast, and Portable Code,Brian Sletten,1492089842,O'Reilly Media,400,,2021/12/05,2021/11/23,1
15,89959,The Constitution of the United States of America,Founding Fathers,1557091528,Applewood Books,30,1787,2021/11/27,2020/04/26,1
16,285500,The Declaration of Independence and The Constitution of the United States,Founding Fathers,0553214829,Bantam Classics,112,1776,2021/11/27,2021/11/27,1
17,29621335,Scalia's Court: A Legacy of Landmark Opinions and Dissents,Antonin Scalia,,Regnery Publishing,592,2016,2021/11/26,2021/06/30,1
18,51101233,The Cost of My Faith: How a Decision in My Cake Shop Took Me to the Supreme Court,Jack Phillips,1684510996,Salem Books,256,,2021/11/24,2021/11/24,1
19,50999303,In Defense of Looting: A Riotous History of Uncivil Action,Vicky Osterweil,1645036693,Bold Type Books,288,2020,2021/11/24,2020/09/05,1
20,134825,The Cathedral & the Bazaar: Musings on Linux and Open Source by an Accidental Revolutionary,Eric S. Raymond,0596001088,O'Reilly Media,241,1999,2021/11/24,2020/04/20,1
21,13629,The Mythical Man-Month: Essays on Software Engineering,Frederick P. Brooks Jr.,0201835959,Addison-Wesley Professional,322,1975,2021/11/23,2020/04/20,1
22,36436070,The Garden of Forking Paths,Jorge Luis Borges,0241339057,Penguin Classics,64,,2021/11/22,2021/11/20,1
23,172366,The Library of Babel,Jorge Luis Borges,156792123X,David R. Godine Publisher,39,1941,2021/11/22,2021/11/21,1
24,46163121,An examination of the work of Herbert Quain,Jorge Luis Borges,,,,1941,2021/11/21,2021/11/21,1
25,28110195,The Lottery in Babylon,Jorge Luis Borges,1101222492,Penguin Audio,1,1941,2021/11/21,2021/11/21,1
26,28110198,The Circular Ruins,Jorge Luis Borges,1101222530,Penguin Audio,1,1940,2021/11/21,2021/11/21,1
27,44002009,The Approach to Al-Mu'tasim,Jorge Luis Borges,,,4,1936,2021/11/21,2021/11/21,1
28,929587,Tlön, Uqbar, Orbis Tertius,Jorge Luis Borges,0889840725,Porcupine's Quill,78,1940,2021/11/21,2021/11/21,1
29,57981,The End of History and the Last Man,Francis Fukuyama,0743284550,Free Press,464,1992,2021/11/20,2020/08/12,1
30,32672819,After Europe,Ivan Krastev,0812249437,University of Pennsylvania Press,128,2017,2021/11/14,2021/11/13,1
31,11929770,Sexual Life of Primitive People,Hans Fehlinger,115260287X,General Books,62,2010,2021/11/13,2021/11/10,1
32,51625256,Rules for Retrogrades: Forty Tactics to Defeat the Radical Left,Timothy J. Gordon,,TAN Books,151,,2021/11/10,2021/11/07,1
33,83346,Through the Looking-Glass and What Alice Found There (Alice's Adventures in Wonderland, #2),Lewis Carroll,0688120490,Books of Wonder,228,1871,2021/11/07,2021/09/28,1
34,15730101,The Call of Cthulhu,H.P. Lovecraft,,Amazon Digital Services, Inc.,43,1926,2021/11/06,2020/04/26,1
35,68783,Girl, Interrupted,Susanna Kaysen,0679746048,Vintage ,169,1993,2021/11/06,2021/10/26,1
36,18330117,The Color Out of Space,H.P. Lovecraft,1443427063,HarperPerennial Classics,25,1927,2021/10/26,2021/10/17,1
37,19141600,La Cenicienta,Charles Perrault,,,36,1697,2021/10/22,2021/10/17,1
38,2493,The Time Machine,H.G. Wells,,Signet Classics,118,1895,2021/10/22,2021/09/29,1
39,20679852,Caperucita Roja,Adolfo Serra,6071616530,Fondo de Cultura Económica,34,2012,2021/10/16,2021/10/16,1
40,4295,David Foster Wallace's Infinite Jest: A Reader's Guide,Stephen J. Burn,082641477X,Bloomsbury Academic,96,2012,2021/10/14,2021/10/10,1
41,13625283,The Dodd Report,Norman Dodd,,Long House,,1954,2021/10/12,2021/10/12,1
42,92625,The Ones Who Walk Away from Omelas,Ursula K. Le Guin,0886825016,Creative Education, Inc.,32,1973,2021/10/12,2021/10/12,1
43,29340854,Do Humankind’s Best Days Lie Ahead?: The Munk Debates,Steven Pinker,1487001681,House of Anansi Press,128,2016,2021/10/10,2021/03/30,1
44,34268,Peter Pan,J.M. Barrie,0805072454,Henry Holt and Co.,176,1911,2021/10/10,2021/09/29,1
45,52193193,The Dunwhich Horror,H.P. Lovecraft,1073472868,Independently Published,44,1929,2021/10/06,2021/10/04,1
46,51496,Dr. Jekyll and Mr. Hyde,Robert Louis Stevenson,0451528956,Signet Classic,139,1886,2021/10/04,2021/09/29,1
47,6324090,Alice's Adventures in Wonderland (Alice's Adventures in Wonderland, #1),Lewis Carroll,,Public Domain Books,96,1865,2021/10/03,2021/09/28,1
48,19380,Candide,Voltaire,0486266893,Dover Publications,129,1759,2021/09/30,2020/04/26,1
49,36529,Narrative of the Life of Frederick Douglass,Frederick Douglass,1580495761,Ingram,158,1845,2021/09/28,2016/08/13,1
50,24611623,In Order to Live: A North Korean Girl's Journey to Freedom,Yeonmi Park,1594206791,Penguin Press,273,2015,2021/09/26,2021/09/24,1
51,9418327,Bossypants,Tina Fey,,Reagan Arthur Books,283,2011,2021/09/25,2020/04/13,1
52,17851885,I Am Malala: The Story of the Girl Who Stood Up for Education and Was Shot by the Taliban,Malala Yousafzai,0316322407,Little, Brown and Company,327,2012,2021/09/24,2020/04/22,1
53,485894,The Metamorphosis,Franz Kafka,,Bantam Classics,201,1915,2021/09/21,2020/11/18,1
54,48855,The Diary of a Young Girl,Anne Frank,,Bantam,283,1947,2021/09/21,2020/04/13,1
55,5928417,In the Graveyard of Empires: America's War in Afghanistan,Seth G. Jones,0393068986,W. W. Norton & Company,448,2009,2021/09/20,2021/09/14,1
56,220535,A Natural History of Rape: Biological Bases of Sexual Coercion,Randy Thornhill,0262700832,Bradford Book,272,2000,2021/09/14,2020/09/01,1
57,55507254,I Hate Men,Pauline Harmange,0008457581,HarperCollins,80,2020,2021/09/12,2021/08/28,1
58,1289644,The Rats in the Walls,H.P. Lovecraft,2266150227,Pocket,25,1924,2021/09/12,2021/09/10,1
59,329336,Zero: The Biography of a Dangerous Idea,Charles Seife,0140296476,Penguin,248,2000,2021/09/12,2020/04/06,1
60,6505012,The Nameless City,H.P. Lovecraft,,Classics-Unbound,23,1921,2021/09/10,2021/09/10,1
61,325161,Ancient Greece: From Prehistoric to Hellenistic Times,Thomas R. Martin,0300084935,Yale University Press,254,1992,2021/09/10,2021/09/07,1
62,44735,The Elements of Typographic Style,Robert Bringhurst,0881792063,Hartley & Marks Publishers,352,1992,2021/09/07,2020/10/31,1
63,618289,A Long Way from Euclid,Constance Bowman Reid,0486436136,Dover Publications,304,2004,2021/09/07,2020/04/18,1
64,1217018,Hilbert,Constance Bowman Reid,0387946748,Springer,272,1970,2021/09/05,2020/04/09,1
65,747417,The Man Who Would Be Queen: The Science of Gender-Bending and Transsexualism,J. Michael Bailey,0309084180,Joseph Henry Press,249,2003,2021/09/02,2020/09/22,1
66,186160,The Bolsheviks Come To Power: The Revolution of 1917 in Petrograd,Alexander Rabinowitch,0745322689,Pluto Press,432,1976,2021/09/01,2021/08/29,1
67,33584231,The Strange Death of Europe: Immigration, Identity, Islam,Douglas Murray,1472942248,Bloomsbury Continuum,352,2017,2021/08/29,2020/09/01,1
68,8205107,Intellectuals: From Marx and Tolstoy to Sartre and Chomsky,Paul  Johnson,,,416,1988,2021/08/27,2021/03/27,1
69,50623471,Unmasked: Inside Antifa's Radical Plan to Destroy Democracy,Andy Ngo,154605958X,Center Street,320,2021,2021/08/23,2021/04/04,1
70,48618164,The Blank Slate: The Modern Denial of Human Nature,Steven Pinker,,,525,2002,2021/08/22,2020/04/23,1
71,2277384,The Nordic Model: Scandinavia since 1945,Mary Hilson,1861893663,Reaktion Books,234,2007,2021/08/15,2021/08/13,1
72,51764686,No One Is Too Small to Make a Difference,Greta Thunberg,014313356X,Penguin Books,112,2019,2021/08/13,2021/08/05,1
73,354038,The Last Days of the Incas,Kim MacQuarrie,074326049X,Simon & Schuster,522,2007,2021/08/13,2021/08/06,1
74,2774104,Conquistador: Hernán Cortés, King Montezuma, and the Last Stand of the Aztecs,Buddy Levy,055380538X,Bantam,432,2008,2021/08/11,2021/08/06,1
75,44244939,Fifth Sun: A New History of the Aztecs,Camilla Townsend,0190673060,Oxford University Press, USA,320,2019,2021/08/07,2020/09/19,1
76,16283914,Mexico: From the Olmecs to the Aztecs,Michael D. Coe,0500290768,Thames  Hudson,256,1962,2021/08/04,2021/08/01,1
77,43551980,An Illustrated Brief History of Western Philosophy, 20th Anniversary Edition,Anthony Kenny,,Wiley-Blackwell,464,,2021/07/30,2021/04/13,1
78,18730716,The Son Also Rises: Surnames and the History of Social Mobility,Gregory Clark,0691162549,Princeton University Press,384,2004,2021/07/29,2020/09/01,1
79,8325112,The Passing of the Great Race or the Racial Basis of European History,Madison Grant,,,148,1916,2021/07/29,2021/07/14,1
80,813205,Schizophrenia: The Sacred Symbol of Psychiatry,Thomas Szasz,0815602243,Syracuse University Press,256,1976,2021/07/28,2021/06/19,1
81,706525,The Myth of Mental Illness: Foundations of a Theory of Personal Conduct,Thomas Szasz,0060911514,Harper,297,1961,2021/07/27,2021/06/19,1
82,36556202,The Coddling of the American Mind: How Good Intentions and Bad Ideas Are Setting Up a Generation for Failure,Jonathan Haidt,,Penguin Books,352,2018,2021/07/23,2020/04/25,1
83,52263,SCUM Manifesto,Valerie Solanas,1859845533,Verso,96,1967,2021/07/23,2020/11/11,1
84,43522665,Diversity, Inc.: The Failed Promise of a Billion-Dollar Business,Pamela Newkirk,1568588224,Bold Type Books,272,2019,2021/07/22,2021/07/16,1
85,6792458,The New Jim Crow: Mass Incarceration in the Age of Colorblindness,Michelle Alexander,,The New Press Inc.,290,2010,2021/07/20,2020/04/26,1
86,17573685,The Feminine Mystique,Betty Friedan,0393346781,W. W. Norton  Company,562,1963,2021/07/19,2016/08/13,1
87,25255053,The Gates of Europe: A History of Ukraine,Serhii Plokhy,0465050913,Basic Books,395,2015,2021/07/18,2021/07/06,1
88,182136,The Culture of Critique: An Evolutionary Analysis of Jewish Involvement in Twentieth-Century Intellectual and Political Movements,Kevin B. MacDonald,0759672229,Authorhouse,544,1998,2021/07/15,2020/04/14,1
89,389542,Separation and Its Discontents: Toward an Evolutionary Theory of Anti-Semitism,Kevin B. MacDonald,1410792617,1st Book Library,448,1998,2021/07/11,2020/04/14,1
90,12984117,Revolution from Above,Kerry Bolton,1907166505,Arktos Media Ltd,258,2011,2021/07/06,2020/09/05,1
91,34196009,When Harry Became Sally: Responding to the Transgender Moment,Ryan T. Anderson,1594039615,Encounter Books,251,2018,2021/07/05,2020/11/11,1
92,28698224,Being Jazz: My Life as a (Transgender) Teen,Jazz Jennings,0735207445,Listening Library,272,2016,2021/07/03,2021/04/04,1
93,1121530,A Terrible Revenge: The Ethnic Cleansing of the East European Germans,Alfred-Maurice de Zayas,1403973083,St. Martin's Griffin,224,1994,2021/06/30,2021/06/20,1
94,45031867,A New World Begins: The History of the French Revolution,Jeremy D. Popkin,0465096662,Basic Books,640,2019,2021/06/30,2021/06/19,1
95,17357218,The Psychotic Left: From Jacobin France to the Occupy Movement,Kerry Bolton,1908476540,Black House Publishing,294,2013,2021/06/21,2020/09/05,1
96,30090454,Moldbug on Carlyle,Mencius Moldbug,,Unqualified Reservations,88,,2021/06/20,2020/08/21,1
97,223977,Japan Style: Architecture Interiors Design,Geeta K. Mehta,0804835926,Tuttle Publishing,224,2005,2021/06/18,2021/04/24,1
98,26457662,Understanding Analysis,Stephen Abbott,1493927116,Springer,312,2000,2021/06/18,2020/11/07,1
99,13151426,The Unfair Trade: How Our Broken Global Financial System Destroys the Middle Class,Michael J. Casey,0307885305,Crown Business,416,2012,2021/06/15,2021/04/24,1
100,12031563,Coming Apart: The State of White America, 1960-2010,Charles Murray,0307453421,Crown Forum,416,2012,2021/05/30,2020/04/13,1
101,34526491,Patchwork: A Political System for the 21st Century,Mencius Moldbug,,Unqualified Reservations,67,,2021/05/30,2020/08/21,1
102,16131,The House of Morgan: An American Banking Dynasty and the Rise of Modern Finance,Ron Chernow,0802138292,Grove Press,812,1990,2021/04/11,2020/08/17,1
103,24612698,The Chemistry Book: From Gunpowder to Graphene, 250 Milestones in the History of Chemistry,Derek B. Lowe,1454911808,Sterling,528,2016,2021/04/08,2021/04/06,1
104,5930869,Internet Governance: Infrastructure and Institutions,Lee A. Bygrave,0199561133,Oxford University Press, USA,256,2009,2021/04/07,2021/04/04,1
105,18763344,I Am Jazz,Jessica Herthel,0803741073,Dial Books,32,2014,2021/04/04,2021/04/04,1
106,2108736,Dearest Father,Franz Kafka,1847490255,Oneworld Classics,128,1920,2021/04/04,2021/04/04,1
107,9160695,Battle Hymn of the Tiger Mother,Amy Chua,1594202842,Penguin Press,237,2011,2021/04/04,2021/03/29,1
108,17144231,Services in Economic Thought: Three Centuries of Debate,Jean-Claude Delaunay,9401053146,Springer,130,1992,2021/04/04,2021/03/15,1
109,639076,Opening Skinner's Box: Great Psychological Experiments of the Twentieth Century,Lauren Slater,0393326551,W. W. Norton  Company,274,2004,2021/04/03,2020/04/18,1
110,2165,The Old Man and the Sea,Ernest Hemingway,0684830493,Scribner,96,1952,2021/04/03,2020/11/18,1
111,4137,Me Talk Pretty One Day,David Sedaris,0349113912,Little, Brown and Company,272,2000,2021/04/02,2020/04/22,1
112,3040,Black Rednecks and White Liberals,Thomas Sowell,1594030863,Encounter Books,372,2005,2021/04/01,2020/04/24,1
113,42778728,Disunited Nations: Succeeding in a World Where No One Gets Along,Peter Zeihan,0062913697,HarperBusiness,256,2020,2021/03/30,2020/08/03,1
114,25432998,The Debate Over Jewish Achievement: Exploring the Nature and Nurture of Human Accomplishment,Steven Pease,,Deucalion,300,2015,2021/03/29,2021/03/27,1
115,33573796,The Absent Superpower: The Shale Revolution and a World Without America,Peter Zeihan,099850520X,Zeihan on Geopolitics,422,2017,2021/03/27,2020/08/03,1
116,13568301,A Crucible Of Nations: The Geopolitics Of The Caucasus,Lauren Goodrich,1461109426,CreateSpace ,136,2011,2021/03/26,2020/11/07,1
117,21926865,The Accidental Superpower: The Next Generation of American Preeminence and the Coming Global Disorder,Peter Zeihan,1455583669,Twelve,384,2014,2021/03/25,2020/08/03,2
118,13586925,The Success Equation,Michael J. Mauboussin,1422184234,Harvard Business Review Press,320,2012,2021/03/21,2020/10/16,1
119,572556,The Global City: New York, London, Tokyo,Saskia Sassen,0691070636,Princeton University Press,480,1991,2021/03/17,2020/09/11,1
120,15868929,China's Superbank: Debt, Oil and Influence - How China Development Bank Is Rewriting the Rules of Finance,Henry Sanderson,1118176367,Wiley,250,2012,2021/03/14,2021/03/13,1
121,29558751,International Relations Today,Aneek Chatterjee,8131733750,Pearson Education,320,,2021/03/13,2021/03/06,1
122,26530329,Capital Offenses: Business Crime and Punishment in America's Corporate Age,Samuel Buell,039324783X,W. W. Norton  Company,320,2016,2021/03/11,2020/09/01,1
123,13330488,Red Ink: Inside the High-Stakes Politics of the Federal Budget,David Wessel,0770436145,Crown Business,208,2012,2021/03/03,2021/03/02,1
124,15791116,The Billionaire's Apprentice: The Rise of The Indian-American Elite and The Fall of The Galleon Hedge Fund,Anita Raghavan,1455504025,Business Plus,512,2013,2021/03/02,2021/03/01,1
125,22730835,A Profile of the Oil and Gas Industry,Linda Herkenhoff,,Business Expert Press,150,2013,2021/03/01,2021/02/28,1
126,22822921,American Enterprise: A History of Business in America,Andy Serwer,1588344967,Smithsonian Books,224,2015,2021/02/28,2021/02/27,1
127,26262657,Banking: A Very Short Introduction,John      Goddard,0199688923,Oxford University Press, USA,144,2016,2021/01/08,2020/05/02,1
128,23366257,A History of Central Banking and the Enslavement of Mankind,Stephen Mitford Goodson,0992736536,Black House Publishing,216,2014,2021/01/04,2020/09/21,1
129,109525,Law 101: Everything You Need to Know about the American Legal System,Jay M. Feinman,0195179579,Oxford University Press, USA,384,2000,2020/12/31,2020/05/14,1
130,153607,The Myth of Male Power,Warren Farrell,0425181448,Berkley Trade,448,1993,2020/12/05,2020/11/24,1
131,74646,Philosophy: A Very Short Introduction,Edward Craig,0192854216,Oxford University Press, USA,132,2002,2020/12/02,2020/04/18,1
132,665852,Man's Search for Himself,Rollo May,0285621378,Souvenir Press Ltd ,284,1953,2020/11/18,2020/04/05,1
133,145036,The Philosophy of Set Theory: An Historical Introduction to Cantor's Paradise,Mary Tiles,0486435202,Dover Publications,272,1989,2020/11/17,2020/04/10,1
134,182135,A People That Shall Dwell Alone: Judaism as a Group Evolutionary Strategy, with Diaspora Peoples,Kevin B. MacDonald,0595228380,iUniverse,600,1994,2020/11/16,2020/04/14,1
135,40000486,Iran Rising: The Survival and Future of the Islamic Republic,Amin Saikal,0691175470,Princeton University Press,344,2019,2020/11/10,2020/09/24,1
136,44573628,Super Pumped: The Battle for Uber,Mike Isaac,0393652246,W. W. Norton  Company,387,2019,2020/11/06,2020/04/05,1
137,22435,The Fabric of the Cosmos: Space, Time, and the Texture of Reality,Brian Greene,0965900584,Alfred Knopf,569,2003,2020/11/05,2020/04/05,1
138,16071764,Lean In: Women, Work, and the Will to Lead,Sheryl Sandberg,0385349947,Knopf,217,2013,2020/11/01,2020/04/22,1
139,43889703,The Man Who Solved the Market: How Jim Simons Launched the Quant Revolution,Gregory Zuckerman,0241309727,Portfolio Penguin,359,2019,2020/10/31,2020/04/20,1
140,1718938,Hollywood Economics: How Extreme Uncertainty Shapes the Film Industry,Arthur De Vany,0415312612,Routledge,328,2003,2020/10/30,2020/10/13,1
141,8706811,The New Evolution Diet: What Our Paleolithic Ancestors Can Teach Us about Weight Loss, Fitness, and Aging,Arthur De Vany,1605291838,Rodale Books,240,2010,2020/10/29,2020/10/13,1
142,34466963,Why We Sleep: Unlocking the Power of Sleep and Dreams,Matthew Walker,,Scribner,368,2017,2020/10/28,2020/04/13,1
143,12143925,All My Friends Are Still Dead,Avery Monsen,1452106967,Chronicle Books,108,2012,2020/10/27,2020/10/27,1
144,8044557,All My Friends Are Dead,Avery Monsen,0811874559,Chronicle Books,96,2010,2020/10/27,2020/10/27,1
145,11192642,Go the Fuck to Sleep,Adam Mansbach,1617750255,Akashic Books,64,2011,2020/10/27,2020/10/27,1
146,23013953,Gut: The Inside Story of Our Body’s Most Underrated Organ,Giulia Enders,1771641495,Greystone Books,273,2014,2020/10/25,2020/04/26,1
147,50165554,One Billion Americans: The Case for Thinking Bigger,Matthew Yglesias,0593190211,Portfolio,267,2020,2020/10/23,2020/09/20,1
148,20910157,Yes Please,Amy Poehler,0062268341,Dey St.,329,2014,2020/10/19,2020/04/22,1
149,1202,Freakonomics: A Rogue Economist Explores the Hidden Side of Everything,Steven D. Levitt,0061234001,William Morrow,268,2005,2020/10/18,2020/04/13,1
150,13588394,The Signal and the Noise: Why So Many Predictions Fail—But Some Don't,Nate Silver,159420411X,Penguin,534,2012,2020/10/18,2020/04/06,1
151,105562,Coming of Age in Samoa: A Psychological Study of Primitive Youth for Western Civilisation,Margaret Mead,0688050336,Harper Perennial,223,1928,2020/10/16,2020/04/23,1
152,2612,The Tipping Point: How Little Things Can Make a Big Difference,Malcolm Gladwell,0316346624,Back Bay Books,301,2000,2020/10/16,2020/04/13,1
153,38315,Fooled by Randomness: The Hidden Role of Chance in Life and in the Markets,Nassim Nicholas Taleb,0812975219,Random House Trade Paperbacks,368,2001,2020/10/14,2020/04/06,1
154,52200318,The Great Mental Models, Volume 2: Physics, Chemistry and Biology,Shane Parrish,1999449037,Latticework Publishing Inc.,397,2019,2020/10/11,2020/10/02,1
155,44245196,The Great Mental Models: General Thinking Concepts,Shane Parrish,,Latticework Publishing Inc.,216,2018,2020/10/10,2020/10/02,1
156,587916,Dirt: The Erosion of Civilizations,David R. Montgomery,0520248708,University of California Press,295,2007,2020/10/09,2020/09/26,1
157,19512,Schopenhauer: A Very Short Introduction,Christopher Janaway,0192802593,Oxford University Press,137,1994,2020/10/04,2020/04/18,1
158,61535,The Selfish Gene,Richard Dawkins,0199291152,Oxford University Press, USA,360,1976,2020/10/02,2020/04/22,1
159,30198661,How Dawkins Got Pwned,Mencius Moldbug,,Unqualified Reservations,108,,2020/10/01,2020/08/21,1
160,38726697,Silent Invasion: China's Influence In Australia,Clive Hamilton,,Hardie Grant,376,2018,2020/09/26,2020/09/18,1
161,53052177,Cynical Theories: How Activist Scholarship Made Everything about Race, Gender, and Identity—and Why This Harms Everybody,Helen Pluckrose,1634312023,Pitchstone Publishing,348,2020,2020/09/24,2020/08/27,1
162,52076947,Irreversible Damage: The Transgender Craze Seducing Our Daughters,Abigail Shrier,1684510317,Regnery Publishing,276,2020,2020/09/22,2020/09/20,1
163,17951209,'White Girl Bleed A Lot': The Return of Racial Violence to America and How the Media Ignore It,Colin Flaherty,1938067061,WND Books,416,2011,2020/09/21,2020/09/17,1
164,17754454,American Legal History: A Very Short Introduction,G. Edward White,0199766002,Oxford University Press, USA,168,2013,2020/09/20,2020/09/06,1
165,100020,The Philosophy of Law: A Very Short Introduction,Raymond Wacks,0192806912,Oxford University Press, USA,144,2006,2020/09/18,2020/09/06,1
166,23471845,Markets Over Mao: The Rise of Private Business in China,Nicholas R. Lardy,,Peterson Institute for International Economics,154,2014,2020/09/18,2020/09/15,1
167,43522558,Tech Titans of China: How China's Tech Sector is challenging the world by innovating faster, working harder, and going global,Rebecca Fannin,1529374499,Nicholas Brealey,256,,2020/09/14,2020/09/06,1
168,53140322,The Blackening of Europe: Ideologies & International Developments,Clare Ellis,,Arktos,294,,2020/09/11,2020/09/01,1
169,44318600,The Silent Rape Epidemic: How the Finns Were Groomed to Love Their Abusers,Edward Dutton,,Thomas Edward Press,144,,2020/09/09,2020/08/27,1
170,40242274,A Random Walk Down Wall Street: The Time-Tested Strategy for Successful Investing,Burton G. Malkiel,1324002182,W. W. Norton  Company,432,1973,2020/09/08,2019/10/25,1
171,223556,The Bell Curve: Intelligence and Class Structure in American Life,Richard J. Herrnstein,0684824299,Free Press,912,1994,2020/09/08,2020/04/13,1
172,43708708,White Fragility: Why It’s So Hard for White People to Talk About Racism,Robin DiAngelo,0807071161,Beacon Press,192,2018,2020/09/06,2020/08/23,1
173,168484,Feminism is for Everybody: Passionate Politics,bell hooks,0896086283,South End Press,123,2000,2020/09/05,2020/04/26,1
174,45155935,Race Differences in Ethnocentrism,Edward Dutton,,Arktos Media Ltd.,,,2020/09/05,2020/08/27,1
175,225468,Industrial Society and Its Future,Theodore J. Kaczynski,,,149,1995,2020/09/04,2020/08/31,1
176,25922035,An Open Letter to Open-Minded Progressives,Mencius Moldbug,,Unqualified Reservations,335,2015,2020/09/03,2020/08/21,1
177,18736925,Capital in the Twenty-First Century,Thomas Piketty,067443000X,Belknap Press,685,2013,2020/09/03,2020/04/04,1
178,40224881,At Our Wits' End: Why We're Becoming Less Intelligent and What It Means for the Future,Edward Dutton,184540985X,Societas,180,,2020/09/01,2020/08/27,1
179,29737964,Debunking Utopia: Exposing the Myth of Nordic Socialism,Nima Sanandaji,1944229396,WND Books,240,2016,2020/08/28,2020/08/22,1
180,157993,The Little Prince,Antoine de Saint-Exupéry,,Harcourt, Inc.,96,1943,2020/05/08,2020/05/04,1
181,21068359,Complexity: A Very Short Introduction,John H. Holland,0199662541,Oxford University Press, USA,112,2014,2020/05/08,2020/05/01,1
182,634834,Cryptography: A Very Short Introduction,Fred C. Piper,0192803158,Oxford University Press, USA,160,2002,2020/05/01,2020/05/01,1
183,12896546,The History of Mathematics: A Very Short Introduction,Jacqueline A. Stedall,0199599688,Oxford University Press, USA,123,2012,2020/04/30,2020/04/30,1
184,74640,Foucault: A Very Short Introduction,Gary Gutting,0192805576,Oxford University Press,135,2005,2020/04/30,2020/04/18,1
185,7640261,Sex at Dawn: The Prehistoric Origins of Modern Sexuality,Christopher  Ryan,0061707803,HarperCollins,400,2010,2020/04/26,2020/04/22,1
186,703712,Logic: A Very Short Introduction,Graham Priest,0192893203,Oxford University Press, USA,144,2000,2020/04/18,2020/04/18,1
187,7144596,Fashion: A Very Short Introduction,Rebecca Arnold,0199547904,Oxford University Press, USA,160,2009,2020/04/17,2020/04/16,1
188,29401276,Beautiful Minecraft,James Delaney,1593277652,No Starch Press,112,,2020/04/13,2020/04/13,1
189,28633822,The Game Console: A Photographic History from Atari to Xbox,Evan Amos,1593277431,No Starch Press,264,2018,2020/04/13,2020/04/13,1
190,26263022,What Kind of Creatures Are We?,Noam Chomsky,0231175965,Columbia University Press,200,2015,2020/04/13,2020/04/13,1
191,28512671,Everybody Lies: Big Data, New Data, and What the Internet Can Tell Us About Who We Really Are,Seth Stephens-Davidowitz,0062390856,Dey Street Books,338,2017,2019/06/13,2019/06/12,1
192,6444424,The 4-Hour Workweek: Escape 9-5, Live Anywhere, and Join the New Rich,Timothy Ferriss,0307465357,Harmony,396,2007,2019/06/12,2017/11/13,1
193,1559,Oedipus the King,Sophocles,1416500332,Simon & Schuster,144,-429,2017/11/13,2017/11/12,1
194,3636,The Giver (The Giver, #1),Lois Lowry,0385732554,Ember,208,1993,2017/11/12,2017/10/29,1
195,2,Harry Potter and the Order of the Phoenix (Harry Potter, #5),J.K. Rowling,,Scholastic Inc.,870,2003,2017/10/27,2016/08/13,1
196,29405093,The Girl with the Lower Back Tattoo,Amy Schumer,1501139886,Gallery Books,323,2016,2016/01/01,2016/09/17,1
197,17407748,The Longest Ride,Nicholas Sparks,1455520659,Grand Central Publishing,398,2012,2016/01/01,2016/08/13,1
198,6525289,The Associate ,John Grisham,0440243823,Dell,434,2009,2016/01/01,2016/08/13,1
199,6280759,The Great Divorce,C.S. Lewis,0061774197,HarperOne,160,1945,2016/01/01,2016/08/13,1
200,168668,Catch-22,Joseph Heller,0684833395,Simon & Schuster ,453,1961,2010/01/01,2016/08/13,1
201,170512,Losing Ground: American Social Policy, 1950-1980,Charles Murray,0465042333,Basic Books,346,1983,,2020/04/13,1
202,113135,The Winner-Take-All Society: Why the Few at the Top Get So Much More Than the Rest of Us,Robert H. Frank,0140259953,Penguin Books,288,1995,,2021/03/17,1
203,183819,Sociobiology: The New Synthesis,Edward O. Wilson,0674002350,Belknap Press,720,1975,,2020/08/04,1
204,40097751,Operating System Concepts,Abraham Silberschatz,,Wiley,,1985,,2020/11/12,1
205,13748086,The Chosen Few: How Education Shaped Jewish History, 70-1492,Maristella Botticini,0691144877,Princeton University Press,344,2012,,2021/03/28,1
206,150437,A Farewell to Alms: A Brief Economic History of the World,Gregory Clark,0691121354,Princeton University Press,420,2007,,2020/09/01,1
207,22476,The Origins of the Urban Crisis: Race and Inequality in Postwar Detroit,Thomas J. Sugrue,0691121869,Princeton University Press,416,1996,,2021/11/24,1
208,53638991,The Cold Equations,Tom Godwin,,,33,1954,,2021/10/04,1
209,3836,Don Quixote,Miguel de Cervantes Saavedra,0142437239,Penguin Books,1023,1615,,2020/04/26,1
210,149800,Visual Complex Analysis,Tristan Needham,0198534469,Clarendon Press,616,1997,,2020/11/07,1
211,486686,Electroboy: A Memoir of Mania,Andy Behrman,0812967089,Random House Trade Paperbacks,304,2002,,2016/08/13,1
212,43261194,On the Plain of Snakes: A Mexican Journey,Paul Theroux,0544866479,Mariner Books,448,2019,,2020/04/23,1
213,84369,The Last Battle (Chronicles of Narnia, #7),C.S. Lewis,0007202326,HarperCollins Publishers,288,1956,,2017/10/29,1
214,65605,The Magician's Nephew (Chronicles of Narnia, #6),C.S. Lewis,0060764902,HarperCollins Publishers,221,1955,,2017/10/29,1
215,84119,The Horse and His Boy (Chronicles of Narnia, #5),C.S. Lewis,0439861365,Scholastic Inc,224,1954,,2017/10/29,1
216,65641,The Silver Chair (Chronicles of Narnia, #4),C.S. Lewis,,HarperCollins,243,1953,,2017/10/29,1
217,140225,The Voyage of the Dawn Treader (Chronicles of Narnia, #3),C.S. Lewis,006112527X,HarperCollins,248,1952,,2017/10/29,1
218,121749,Prince Caspian (Chronicles of Narnia, #2),C.S. Lewis,000720230X,HarperCollins Publishers,240,1951,,2017/10/29,1
219,100915,The Lion, the Witch and the Wardrobe (Chronicles of Narnia, #1),C.S. Lewis,,HarperCollins Publishers,206,1950,,2021/08/09,1
220,108087,Algebraic Topology,Allen Hatcher,0521795400,Cambridge University Press,558,2001,,2020/10/31,1
221,517233,Introduction to Probability,Dimitri P. Bertsekas,188652940X,Athena Scientific,430,2002,,2021/04/12,1
222,17816657,Introduction to Modern Cryptography,Jonathan Ned Katz,1466570261,CRC Press,603,2007,,2021/04/12,1
223,22237225,Flashpoints: The Emerging Crisis in Europe,George Friedman,038553633X,Doubleday Books,258,2015,,2020/05/03,1
224,265091,Race And Culture: A World View,Thomas Sowell,0465067972,Basic Books,352,1995,,2020/04/24,1
225,795150,The Coming of Post-Industrial Society: A Venture in Social Forecasting,Daniel Bell,0465097138,Basic Books, Perseus Books Group,507,1973,,2020/09/11,1
226,12984064,The Chosen People: A Study of Jewish Intelligence and Achievement,Richard Lynn,1593680368,Washington Summit Publishers,405,2011,,2020/09/01,1
227,501337,A Frozen Hell: The Russo-Finnish Winter War of 1939-1940,William R. Trotter,1565122496,Algonquin Books,285,1991,,2020/09/09,1
228,23113377,The Clash of Progress and Security,Allan G.B. Fisher,,,,1935,,2020/08/04,1
229,2890506,The Jews of Hungary: History, Culture, Psychology,Raphael Patai,0814325610,Wayne State University Press,736,1996,,2021/03/28,1
230,1105766,The Jewish Mind,Raphael Patai,081432651X,Wayne State University Press,,1977,,2021/03/28,1
231,24485082,The Suez War,Paul  Johnson,,Bloomsbury Reader,110,1957,,2021/03/28,1
232,263859,The Civilization of Ancient Egypt,Paul  Johnson,0060194340,Harper,240,1978,,2021/03/27,1
233,1467124,Castles from the Air: An Aerial Portrait of Britain's Finest Castles,Paul  Johnson,0747587469,Bloomsbury Publishing PLC,,2006,,2021/03/28,1
234,89413,A History of the English People,Paul  Johnson,0061320757,Harper Torchbooks,480,1972,,2021/03/27,1
235,564278,Heroes: From Alexander the Great & Julius Caesar to Churchill & de Gaulle,Paul  Johnson,0061143162,Harper,320,2007,,2021/03/27,1
236,872480,Creators: From Chaucer and Durer to Picasso and Disney,Paul  Johnson,0060191430,Harper,320,2006,,2021/03/27,1
237,7736134,Jesus: A Biography, from a Believer,Paul  Johnson,0670021598,Viking Adult,256,2010,,2021/03/27,1
238,55300,Napoleon: A Life,Paul  Johnson,0143037455,Penguin Books,208,2002,,2021/03/27,1
239,89448,A History of Christianity,Paul  Johnson,0684815036,Touchstone,576,1976,,2021/03/27,1
240,358936,A History of the Jews,Paul  Johnson,0060915331,Harper & Row,644,1987,,2021/03/27,1
241,7550775,The Golden Age of Jewish Achievement: The Compendium of a Culture, a People, and Their Stunning Performance,Steven L. Pease,0982516800,Deucalion,626,2009,,2021/03/27,1
242,39510142,The Suez Crisis: The History of the Suez Canal’s Nationalization by Egypt and the War that Followed,Charles River Editors,,Charles River Editors,53,,,2021/03/27,1
243,16182409,Cybersecurity and Cyberwar: What Everyone Needs to Know(r),P.W. Singer,0199918112,Oxford University Press, USA,320,2013,,2021/03/26,1
244,38748986,Red Flags: Why Xi's China Is in Jeopardy,George Magnus,0300233191,Yale University Press,248,2018,,2021/03/26,1
245,38748983,The Great Delusion: Liberal Dreams and International Realities,John J. Mearsheimer,,Yale University Press,328,2018,,2021/03/26,1
246,35989044,Russia's Military Revival,Bettina Renz,150951614X,Polity Press,240,2018,,2021/03/26,1
247,86349,Chechnya: Calamity in the Caucasus,Carlotta Gall,0814731325,New York University Press,416,1997,,2021/03/26,1
248,7648592,The Caucasus: An Introduction,Thomas de Waal,0195399773,Oxford University Press, USA,272,2010,,2021/03/26,1
249,9236387,Afghanistan At The Crossroads: Insights On The Conflict,Stratfor,1452865213,Createspace Independent Publishing Platform,220,2010,,2021/03/25,1
250,8027483,Mexico In Crisis: Lost Borders And The Struggle For Regional Status,Stratfor,1449905714,Createspace,286,,,2021/03/25,1
251,9966512,China: Power and Perils,Stratfor,1453866078,Createspace Independent Publishing Platform,284,2010,,2021/03/25,1
252,8008436,How to Look for Trouble: A Stratfor Guide to Protective Intelligence,Stratfor,1451528205,Createspace,156,2010,,2021/03/25,1
253,36669880,North Korea's Nuclear Gambit,Stratfor,1461068681,CreateSpace Independent Publishing Platform,130,,,2021/03/25,1
254,49587256,The Storm Before the Calm: America's Discord, the Coming Crisis of the 2020s, and the Triumph Beyond,George Friedman,,Doubleday Books,256,,,2021/03/25,1
255,15931672,Economic Networks,David Knoke,074564998X,Polity Press,180,2012,,2021/03/18,1
256,13354253,Borderlands: A Geopolitical Journey in Eurasia,George Friedman,1456519042,Createspace Independent Publishing Platform,112,2011,,2021/03/25,1
257,2587844,Commitment,Pankaj Ghemawat,0029115752,Free Press,178,1991,,2021/03/18,1
258,2587845,Games Businesses Play: Cases and Models,Pankaj Ghemawat,0262071827,MIT Press,274,1997,,2021/03/18,1
259,1679373,Strategy And The Business Landscape,Pankaj Ghemawat,0131430351,Prentice Hall,159,1999,,2021/03/18,1
260,1679375,Redefining Global Strategy: Crossing Borders in a World Where Differences Still Matter,Pankaj Ghemawat,1591398665,Harvard Business Review Press,257,2007,,2021/03/18,1
261,11178053,World 3.0: Global Prosperity and How to Achieve It,Pankaj Ghemawat,142213864X,Harvard Business Review Press,400,2011,,2021/03/18,1
262,37803326,The New Global Road Map: Enduring Strategies for Turbulent Times,Pankaj Ghemawat,,,,,,2021/03/18,1
263,6307751,Stumbling on Wins: Two Economists Expose the Pitfalls on the Road to Victory in Professional Sports,David J. Berri,013235778X,FT Press,237,2009,,2021/03/18,1
264,1198911,Searching for a Corporate Savior: The Irrational Quest for Charismatic CEOs,Rakesh Khurana,0691120390,Princeton University Press,295,2002,,2021/03/17,1
265,7966182,The Shadow Market: How Sovereign Wealth Funds and Rogue Nations Threaten America's Financial Future,Eric J. Weiner,143910915X,Scribner,320,2010,,2021/03/17,1
266,49151008,Made in China: A Prisoner, an SOS Letter, and the Hidden Cost of America's Cheap Goods,Amelia Pang,1616209178,Algonquin Books,288,2021,,2021/03/17,1
267,298903,Turbo-Capitalism: Winners and Losers in the Global Economy,Edward N. Luttwak,006093137X,Harper Perennial,304,1998,,2021/03/17,1
268,2088698,Game, Set and Math: Enigmas and Conundrums,Ian Stewart,0140132376,Penguin Books,208,1989,,2021/03/17,1
269,30652247,How to Kill a City: Gentrification, Inequality, and the Fight for the Neighborhood,Peter Moskowitz,1568585233,Bold Type Books,272,2017,,2021/03/17,1
270,2564796,The Hunger Winter: Occupied Holland 1944-1945,Henri A. van der Zee,0803296185,University of Nebraska Press,347,1979,,2021/03/15,1
271,563101,The Tangled Field: Barbara McClintock's Search for the Patterns of Genetic Control,Nathaniel C. Comfort,0674011082,Harvard University Press,337,2001,,2021/03/15,1
272,291072,The Informational City: Economic Restructuring and Urban Development,Manuel Castells,0631179372,Wiley-Blackwell,416,1989,,2021/03/15,1
273,32201648,Laid Low: Inside the Crisis That Overwhelmed Europe and the IMF,Paul Blustein,1928096336,CIGI Press,504,,,2021/03/03,1
274,6665610,Misadventures of the Most Favored Nations: Clashing Egos, Inflated Ambitions, and the Great Shambles of the World Trade System,Paul Blustein,1586487183,PublicAffairs,344,2009,,2021/03/03,1
275,642889,And the Money Kept Rolling In (and Out) Wall Street, the IMF, and the Bankrupting of Argentina,Paul Blustein,1586483811,PublicAffairs,304,2005,,2021/03/03,1
276,40490600,Bring Us Together: The Nixon Team's Retreat on Civil Rights,Leon Panetta,,Lippincott,380,,,2021/03/02,1
277,2234421,The Fiscal Revolution in America: Policy in Pursuit of Reality,Herbert Stein,0844739375,AEI Press,640,1969,,2021/03/02,1
278,920156,A History of Interest Rates (Wiley Finance),Sidney Homer,0471732834,Wiley,736,1977,,2021/03/02,1
279,21552419,Trillion Dollar Economists: How Economists and Their Ideas Have Transformed Business,Robert E. Litan,1118781805,Wiley,385,2014,,2021/03/01,1
280,11431129,A Bloody Business: America's War Zone Contractors and the Occupation of Iraq,Gerry Schumacher,1610600681,Zenith Press,304,2006,,2021/03/01,1
281,13838443,Cannibal Capitalism: How Big Business and the Feds Are Ruining America,Michael C. Hill,111817531X,Wiley,256,2011,,2021/03/01,1
282,9520342,The Devil's Derivatives: The Untold Story of the Slick Traders and Hapless Regulators Who Almost Blew Up Wall Street . . . and Are Ready to Do It Again,Nicholas Dunbar,1422177815,Harvard Business Review Press,320,2011,,2021/03/01,1
283,9015686,Crash of the Titans: Greed, Hubris, the Fall of Merrill Lynch, and the Near-Collapse of Bank of America,Greg Farrell,0307717860,Crown Business,471,2010,,2021/03/01,1
284,2812081,The Business of Japanese Foreign Aid: Five Cases from Asia,Marie Sodergerg,0415138787,Routledge,318,1996,,2021/03/01,1
285,6569694,In FED We Trust: Ben Bernanke's War on the Great Panic,David Wessel,0307459683,Crown Business,336,2009,,2021/03/01,1
286,10898755,Fixing the Game: Bubbles, Crashes, and What Capitalism Can Learn from the NFL,Roger L. Martin,1422171647,Harvard Business Review Press,272,2011,,2021/03/01,1
287,16248495,Subsidies to Chinese Industry: State Capitalism, Business Strategy, and Trade Policy,Usha C.V. Haley,0199773742,Oxford University Press, USA,272,2013,,2021/03/01,1
288,2969660,Princes of the Yen: Japan's Central Bankers and the Transformation of the Economy,Richard A. Werner,0765610485,M.E. Sharpe,362,2003,,2021/01/03,1
289,10290318,Philosophy of Mathematics: Oxford Bibliographies Online Research Guide,Otávio Bueno,0199808937,Oxford University Press, USA,0,2010,,2020/12/15,1
290,25845273,The Great Divorce,C.S. Lewis,,HarperCollins,146,1945,,2020/11/18,1
291,244904,The New Industrial State,John Kenneth Galbraith,0691131414,Princeton University Press,576,1967,,2020/10/18,1
292,6318095,The Last Eunuch Of China,Yinghua Jia,7508514076,New Phoenix Intl Llc,314,2008,,2021/03/29,1
293,1244377,Taboo: Why Black Athletes Dominate Sports And Why We're Afraid To Talk About It,Jon Entine,158648026X,PublicAffairs,400,1999,,2021/03/28,1
294,87181,The World's Banker: A Story of Failed States, Financial Crises, and the Wealth and Poverty of Nations,Sebastian Mallaby,0143036793,Penguin Books,496,2004,,2021/03/28,1
295,13747687,Born Together--Reared Apart: The Landmark Minnesota Twin Study,Nancy L. Segal,0674055462,Harvard University Press,410,2012,,2021/03/28,1
296,1178081,The New Americans: How the Melting Pot Can Work Again,Michael Barone,1596980265,Regnery Publishing,340,2001,,2021/03/28,1
297,15872503,Jews, Confucians, and Protestants: Cultural Capital and the End of Multiculturalism,Lawrence E. Harrison,1442219637,Rowman & Littlefield Publishers,230,2012,,2021/03/28,1
298,18114115,The Triple Package: How Three Unlikely Traits Explain the Rise and Fall of Cultural Groups in America,Amy Chua,1594205469,Penguin Press,336,2014,,2021/03/28,1
299,30267,The Central Liberal Truth: How Politics Can Change a Culture and Save It from Itself,Lawrence E. Harrison,0195300416,Oxford University Press, USA,288,2006,,2021/03/28,1
300,209184,Culture Matters: How Values Shape Human Progress,Lawrence E. Harrison,0465031765,Basic Books,384,2000,,2021/03/28,1
301,209102,Conquests and Cultures: An International History,Thomas Sowell,0465014003,Basic Books,516,1998,,2021/03/28,1
302,1139176,Migrations and Cultures: A World View,Thomas Sowell,0465045898,Basic Books,516,1996,,2021/03/28,1
303,21073,The Embarrassment of Riches: An Interpretation of Dutch Culture in the Golden Age,Simon Schama,0679781242,Vintage,720,1987,,2021/03/28,1
304,6476509,The Invention of the Jewish People,Shlomo Sand,1844674223,Verso,332,2008,,2021/03/28,1
305,16003595,The Story of the Jews: Finding the Words, 1000 BCE – 1492 CE,Simon Schama,1847921329,Bodley Head,496,2013,,2021/03/28,1
306,245474,The Jewish Century,Yuri Slezkine,0691127603,Princeton University Press,456,2004,,2021/03/28,1
307,8210,The Jewish Phenomenon: Seven Keys to the Enduring Wealth of a People,Steven Silbiger,1563525666,Longstreet Press,256,2000,,2021/03/28,1
308,179090,The Thirteenth Tribe: The Khazar Empire and its Heritage,Arthur Koestler,0394402847,Random House (NYC),256,1976,,2021/03/28,1
309,2889752,The Jewish Mystique,Ernest Van den Haag,0812812670,Stein & Day Pub,252,1969,,2021/03/28,1
310,1155302,Glut: Mastering Information through the Ages,Alex Wright,0309102383,Joseph Henry Press,286,2007,,2021/04/04,1
311,18699137,Cataloging the World: Paul Otlet and the Birth of the Information Age,Alex Wright,0199931410,Oxford University Press, USA,360,2014,,2021/04/04,1
312,33595363,Beethoven in China: How the Great Composer Became an Icon in the People's Republic: Penguin Specials,Jindong Cai,,e-penguin,100,,,2021/04/04,1
313,6043635,Les trente glorieuses : ou, La Révolution invisible de 1946 à 1975,Jean Fourastié,2253026379,Fayard,288,1979,,2021/04/03,1
314,896642,The Forgetting: Alzheimer's: Portrait of an Epidemic,David Shenk,0385498381,Anchor,304,,,2021/04/03,1
315,4250917,The Conditions Of Economic Progress,Colin Clark,0824053524,Dissertations-G,,,,2021/04/03,1
316,3694979,Beyond the Welfare State: Economic Planning and Its International Implications,Gunnar Myrdal,0313236976,Praeger,287,1961,,2021/03/30,1
317,781857,An American Dilemma: The Negro Problem and Modern Democracy Vol. 1,Gunnar Myrdal,1560008563,Routledge,812,1944,,2021/03/30,1
318,18079745,Me, Myself, and Why: Searching for the Science of Self,Jennifer Ouellette,0143121650,Penguin,336,2014,,2021/03/29,1
319,13211226,The Genealogical Science: The Search for Jewish Origins and the Politics of Epistemology,Nadia Abu El-Haj,0226201406,University of Chicago Press,328,2012,,2021/03/29,1
320,18079605,Smarter: The New Science of Building Brain Power,Dan Hurley,1594631271,Avery,275,2013,,2021/03/29,1
321,10521948,Epigenetics: The Ultimate Mystery of Inheritance,Richard C. Francis,0393070050,W. W. Norton & Company,256,2011,,2021/03/29,1
322,12263681,The Age of Insight: The Quest to Understand the Unconscious in Art, Mind, and Brain from Vienna 1900 to the Present,Eric R. Kandel,1400068711,Random House,656,2012,,2021/03/29,1
323,4580836,The Gamble: General David Petraeus and the American Military Adventure in Iraq, 2006-2008,Thomas E. Ricks,1594201978,The Penguin Press,394,2009,,2021/03/29,1
324,15802422,The Insurgents: David Petraeus and the Plot to Change the American Way of War,Fred   Kaplan,1451642636,Simon & Schuster, Inc.,418,2013,,2021/03/29,1
325,1225914,Telecosm: How Infinite Bandwidth Will Revolutionize Our World,George Gilder,0684809303,Simon & Schuster,351,1996,,2021/03/29,1
326,32073021,Life After Google: The Fall of Big Data and the Rise of the Blockchain Economy,George Gilder,1621575764,Regnery Gateway,256,2018,,2021/03/29,1
327,6593355,The Israel Test,George Gilder,0980076358,Richard Vigilante Books,296,2009,,2021/03/29,1
328,1258676,The Perfect Servant: Eunuchs and the Social Construction of Gender in Byzantium,Kathryn M. Ringrose,0226720152,University Of Chicago Press,312,2003,,2021/03/29,1
329,13400,Molecular Biology of the Cell,Bruce Alberts,0815332181,Garland Science,1616,1983,,2021/03/28,1
330,328802,Totto-chan: The Little Girl at the Window,Tetsuko Kuroyanagi,4770020678,Kodansha,232,1981,,2021/04/04,1
331,6098718,Wired for War: The Robotics Revolution and Conflict in the Twenty-First Century,P.W. Singer,1594201986,Penguin Press,499,2009,,2021/03/26,1
332,27202,The Gifts of the Jews: How a Tribe of Desert Nomads Changed the Way Everyone Thinks and Feels,Thomas Cahill,074595054X,Lion Hudson plc,304,1998,,2021/03/28,1
333,6885191,Start-up Nation: The Story of Israel's Economic Miracle,Dan Senor,044654146X,Twelve,304,2009,,2021/03/28,1
334,15998338,The Buy Side: A Wall Street Trader's Tale of Spectacular Excess,Turney Duff,077043715X,Crown Business,320,2013,,2021/03/01,1
335,22085568,The Culture Map: Breaking Through the Invisible Boundaries of Global Business,Erin Meyer,,PublicAffairs,290,2014,,2021/03/01,1
336,2865,Girl with a Pearl Earring,Tracy Chevalier,0452287022,Plume/Penguin,233,1999,,2021/03/01,1
337,13539185,Foundation: The History of England from Its Earliest Beginnings to the Tudors (The History of England, #1),Peter Ackroyd,125000361X,Thomas Dunne Books,496,2011,,2020/11/19,1
338,4591,Genome: the Autobiography of a Species in 23 Chapters,Matt Ridley,0060894083,Harper Perennial,344,1999,,2020/09/26,1
339,16130157,The Firm: The Story of McKinsey and Its Secret Influence on American Business,Duff McDonald,1439190992,Simon  Schuster,400,2013,,2020/10/09,1
340,55539565,Think Again: The Power of Knowing What You Don't Know,Adam M. Grant,1984878107,Viking Books,307,2021,,2021/03/01,1
341,46223297,Permanent Record,Edward Snowden,1250237238,Metropolitan Books,339,2019,,2020/09/12,1
342,126061,The Double Helix,James D. Watson,0451037707,Signet Books,143,1968,,2020/08/12,1
343,52290273,The Future Is Faster Than You Think: How Converging Technologies Are Transforming Business, Industries, and Our Lives,Peter H. Diamandis,1982109661,Simon  Schuster,384,2020,,2020/08/03,1
344,125286,The Beak of the Finch: A Story of Evolution in Our Time,Jonathan Weiner,067973337X,Vintage,332,1994,,2020/08/04,1
345,6372440,This Time Is Different: Eight Centuries of Financial Folly,Carmen M. Reinhart,0691142165,Princeton University Press,460,2009,,2020/04/24,1
346,12917124,Dark Pools: The Rise of Artificially Intelligent Trading Machines and the Looming Threat to Wall Street,Scott Patterson,0307887170,Crown Publishing Group,368,2012,,2020/05/09,1
347,540346,DNA: The Secret of Life,James D. Watson,0375710078,Knopf,464,2002,,2020/05/09,1
348,20588698,Not That Kind of Girl: A Young Woman Tells You What She's "Learned",Lena Dunham,081299499X,Random House,265,2014,,2020/05/03,1
349,281818,Where Wizards Stay Up Late: The Origins of the Internet,Katie Hafner,0684832674,Simon  Schuster,304,1996,,2020/05/07,1
350,10335308,Is Everyone Hanging Out Without Me? (And Other Concerns),Mindy Kaling,0307886263,Crown Archetype,222,2011,,2020/04/22,1
351,119561,The Order of Things: An Archaeology of the Human Sciences,Michel Foucault,0679753354,Vintage,416,1966,,2020/04/19,1
352,17288660,Amsterdam: A History of the World's Most Liberal City,Russell Shorto,0385534574,Doubleday,368,2013,,2020/04/23,1
353,26889576,The Big Short: Inside the Doomsday Machine,Michael   Lewis,039335315X,W. W. Norton  Company,320,2010,,2019/10/25,1
354,433439,Elements of Information Theory,Thomas M. Cover,0471241954,Wiley-Interscience,792,1991,,2021/04/12,1
355,7144,Crime and Punishment,Fyodor Dostoevsky,0143058142,Penguin,671,1866,,2016/08/13,1
356,8492907,Physics of the Future: How Science Will Shape Human Destiny and Our Daily Lives by the Year 2100,Michio Kaku,0385530803,Doubleday,416,2011,,2020/04/05,1
357,33426,Hyperspace: A Scientific Odyssey Through Parallel Universes, Time Warps, and the Tenth Dimension,Michio Kaku,0192861891,Oxford Univ Pr (T),359,1994,,2020/04/05,1
358,28593460,The Cognitive Neuroscience of Metacognition,Stephen M. Fleming,,Springer,407,2014,,2020/10/24,1
359,11256979,The Magic of Reality: How We Know What's Really True,Richard Dawkins,1439192812,Free Press,271,2011,,2020/10/31,1
360,40240329,Law 101: Everything You Need to Know About American Law,Jay M. Feinman,,Oxford University Press,376,2000,,2020/04/26,1
361,31487,Unweaving the Rainbow: Science, Delusion and the Appetite for Wonder,Richard Dawkins,0618056734,Mariner Books,352,1998,,2020/10/31,1
362,117047,The Blind Watchmaker: Why the Evidence of Evolution Reveals a Universe Without Design,Richard Dawkins,0141026162,Penguin,466,1986,,2020/04/26,1
363,6117055,The Greatest Show on Earth: The Evidence for Evolution,Richard Dawkins,059306173X,Bantam Press,470,2009,,2020/04/26,1
364,355697,All Quiet on the Western Front,Erich Maria Remarque,0449213943,Ballantine Books,296,1929,,2016/08/13,1
365,20550401,December Sky,Evelyn Cortez-Davis,0976838206,In Xochitl In Cuicatl (2003),181,2003,,2020/10/26,1
366,302236,Sex,Madonna,8440631170,Ediciones B,134,1992,,2020/10/19,2
367,699768,Getting Things Done: The Art of Stress-Free Productivity,David    Allen,0670899240,Viking,267,2001,,2016/08/13,1
368,6119978,You May Ask Yourself: An Introduction to Thinking Like a Sociologist,Dalton Conley,0393927601,W. W. Norton & Company,801,,,2017/10/27,1
369,10770366,Car: The Definitive Visual History of the Automobile,Kathryn Hennessy,0756671671,DK Publishing,360,2011,,2020/10/09,1
370,22584,Flow My Tears, the Policeman Said,Philip K. Dick,1857983416,Gollancz  ,204,1974,,2020/10/09,1
371,22590,Ubik,Philip K. Dick,8498000831,La factoría de ideas,288,1969,,2020/10/09,1
372,216363,The Man in the High Castle,Philip K. Dick,0679740678,Vintage,259,1962,,2020/10/09,1
373,36402034,Do Androids Dream of Electric Sheep?,Philip K. Dick,,Ballantine Books,258,1968,,2020/10/09,1
374,3,Harry Potter and the Sorcerer's Stone (Harry Potter, #1),J.K. Rowling,,Scholastic Inc,309,1997,,2016/08/13,1
375,5,Harry Potter and the Prisoner of Azkaban (Harry Potter, #3),J.K. Rowling,043965548X,Scholastic Inc.,435,1999,,2016/08/13,1
376,15881,Harry Potter and the Chamber of Secrets (Harry Potter, #2),J.K. Rowling,,Arthur A. Levine Books,341,1998,,2016/08/13,1
377,6,Harry Potter and the Goblet of Fire (Harry Potter, #4),J.K. Rowling,,Scholastic,734,2000,,2016/08/13,1
378,136251,Harry Potter and the Deathly Hallows (Harry Potter, #7),J.K. Rowling,,Arthur A. Levine Books,759,2007,,2016/08/13,1
379,2657,To Kill a Mockingbird,Harper Lee,,Harper Perennial Modern Classics ,336,1960,,2020/04/05,1
380,3869,A Brief History of Time,Stephen Hawking,0553380168,Bantam Books,212,1988,,2020/04/06,1
381,10898140,The Barbarian Nurseries,Héctor Tobar,0374108994,Farrar, Straus and Giroux,422,2011,,2020/09/05,1
382,452382,The Rain God,Arturo Islas,0380763931,Harper Perennial,192,1984,,2020/09/05,1
383,9754566,Chicana Power!: Contested Histories of Feminism in the Chicano Movement,Maylei Blackwell,0292725884,University of Texas Press,300,2011,,2020/09/05,1
384,44652433,Language Families of the World,John McWhorter,,The Great Courses,16,2019,,2020/07/28,1
385,4948,The Very Hungry Caterpillar,Eric Carle,0241003008,Puffin Books,26,1969,,2020/05/08,1
386,28862,The Prince,Niccolò Machiavelli,0937832383,Dante University of America Press,140,1532,,2020/04/22,1
387,18757573,Financial Literacy: Finding Your Way in the Financial Markets,Connel Fullenkamp,,The Great Courses,12,2003,,2020/05/02,1
388,42069287,Understanding Investments,Connel Fullenkamp,,Great Courses,,,,2020/05/02,1
389,99894,The Boys from Brazil,Ira Levin,0394402677,Random House ,312,1976,,2020/04/30,1
390,4900,Heart of Darkness,Joseph Conrad,1892295490,Green Integer,188,1899,,2020/04/26,1
391,5206937,A Modest Proposal,Jonathan Swift,1605977276,Book Jungle,48,1729,,2020/04/26,1
392,1173576,What Every Body is Saying: An Ex-FBI Agent's Guide to Speed-Reading People,Joe Navarro,0061438294,Collins,250,2008,,2020/04/26,1
393,16280863,Intellectuals and Race,Thomas Sowell,0465058728,Basic Books,192,2013,,2020/04/24,1
394,43369,God Is Not Great: How Religion Poisons Everything,Christopher Hitchens,0446579807,Twelve,307,2007,,2020/04/23,1
395,14743,The God Delusion,Richard Dawkins,0618680004,Houghton Mifflin Co. (Boston/NY),374,2006,,2020/04/22,1
396,1473067,Linguistics: A Very Short Introduction,P.H. Matthews,0192801481,Oxford University Press, USA,152,2003,,2020/04/16,1
397,13689060,Languages: A Very Short Introduction,Stephen R. Anderson,0199590591,Oxford University Press, USA,152,,,2020/04/16,1
398,8921,The Hound of the Baskervilles (Sherlock Holmes, #5),Arthur Conan Doyle,,Signet,256,1901,,2020/04/15,1
399,1,Harry Potter and the Half-Blood Prince (Harry Potter, #6),J.K. Rowling,,Scholastic Inc.,652,2005,,2016/08/13,1
400,157076,The Most Dangerous Game,Richard Connell,1599869691,Filiquarian Publishing, LLC.,48,1924,,2020/04/13,1
401,368593,The 4-Hour Workweek,Timothy Ferriss,0307353133,Crown Business,308,2007,,2016/08/13,1
402,191139,Oh, the Places You'll Go!,Dr. Seuss,0679805273,Random House Books for Young Readers,44,1990,,2020/04/13,1
403,231804,The Outsiders,S.E. Hinton,,Puffin Books (US/CAN),192,1967,,2020/04/13,1
404,233093,The Cat in the Hat (The Cat in the Hat, #1),Dr. Seuss,039480001X,Random House Books for Young Readers,61,1957,,2020/04/13,1
405,23772,Green Eggs and Ham,Dr. Seuss,0394800168,Random House Books for Young Readers,64,1960,,2020/04/13,1
406,105999,Dear Mr. Henshaw (Leigh Botts, #1),Beverly Cleary,0380709589,HarperTrophy,134,1983,,2020/04/13,1
407,5354,The Brethren,John Grisham,0385339674,Delta,384,2000,,2020/04/05,1
408,36576608,Flowers for Algernon,Daniel Keyes,,,216,1959,,2020/04/05,1
409,17690,The Trial,Franz Kafka,,Vintage,255,1925,,2020/04/05,1
410,1860303,The Delikon,Helen Mary Hoover,0380409801,Avon Books,143,1977,,2020/04/05,1
411,77203,The Kite Runner,Khaled Hosseini,,Riverhead Books,371,2003,,2020/04/05,1
412,24178,Charlotte's Web,E.B. White,0064410935,HarperCollinsPublishers,184,1952,,2020/04/05,1
413,4671,The Great Gatsby,F. Scott Fitzgerald,,Scribner,200,1925,,2020/04/05,1
414,391729,The Tell-Tale Heart and Other Writings,Edgar Allan Poe,0553212281,Bantam Classics,448,1843,,2020/04/05,1
415,890,Of Mice and Men,John Steinbeck,0142000671,Penguin Books,112,1937,,2020/04/05,1
416,170448,Animal Farm,George Orwell,0451526341,Signet Classics,141,1945,,2020/04/05,1
417,5129,Brave New World,Aldous Huxley,0060929871,HarperPerennial / Perennial Classics,268,1932,,2020/04/05,1
418,13079982,Fahrenheit 451,Ray Bradbury,,Simon & Schuster,194,1953,,2020/04/05,1
419,40961427,1984,George Orwell,,Houghton Mifflin Harcourt,298,1949,,2020/04/05,1
420,5107,The Catcher in the Rye,J.D. Salinger,0316769177,Back Bay Books,277,1951,,2020/04/05,1
421,24724602,Flash Boys: A Wall Street Revolt,Michael   Lewis,0393351599,W. W. Norton  Company,304,2014,,2019/10/25,1
422,49162873,The Universal Computer: The Road from Leibniz to Turing, Third Edition,Martin Davis,1351384805,CRC Press,222,,,2020/03/30,1
423,29068,Teach Yourself to Play Mandolin,Dan  Fox,0739002864,Alfred Publishing Company,72,1996,,2017/11/05,1
424,9058034,Uncle Shelby's Scout Handbook,Shel Silverstein,,,29,2009,,2017/10/31,1
425,7742706,Draw A Skinny Elephant,Shel Silverstein,0060280530,HarperCollins Publishers,,,,2017/10/31,1
426,1530799,Don't Bump the Glump! and Other Fantasies,Shel Silverstein,0061493384,HarperCollins,64,1964,,2017/10/31,2
427,41888,A Giraffe and a Half,Shel Silverstein,0590471643,,48,1964,,2017/10/31,1
428,30122,The Missing Piece (The Missing Piece, #1),Shel Silverstein,0060256710,HarperCollins,112,1976,,2017/10/30,1
429,41890,Who Wants a Cheap Rhinoceros?,Shel Silverstein,0689851138,Simon  Schuster Books for Young Readers,64,1964,,2017/10/31,1
430,370493,The Giving Tree,Shel Silverstein,0060256656,HarperCollins Publishers,64,1964,,2017/10/30,1
431,29019,The Twelve Terrors of Christmas,John Updike,0764937103,Pomegranate Communications,32,1994,,2017/10/30,1
432,295,Treasure Island,Robert Louis Stevenson,0753453800,Kingfisher,311,1883,,2017/10/30,1
433,17184,The Invisible Man,H.G. Wells,0451528522,Signet Classics,192,1897,,2017/10/30,1
434,7604,Lolita,Vladimir Nabokov,,Penguin,331,1955,,2017/10/29,1
435,293951,Heroes,Robert Cormier,0440227690,Laurel Leaf,144,1998,,2017/10/27,1
436,869906,We All Fall Down,Robert Cormier,0440215560,Laurel Leaf,208,1991,,2017/10/27,1
437,588723,Beyond the Chocolate War (Chocolate War, #2),Robert Cormier,044090580X,Laurel-Leaf Books,288,1985,,2017/10/27,1
438,869907,After the First Death,Robert Cormier,0440208351,Laurel Leaf,240,1979,,2017/10/27,1
439,48974,I Am the Cheese,Robert Cormier,0141300515,Puffin Books,233,1977,,2017/10/27,1
440,17162,The Chocolate War (Chocolate War, #1),Robert Cormier,0375829873,Ember,267,1974,,2017/10/27,1
441,77013,As I Lay Dying,William Faulkner,,Vintage,288,1930,,2017/10/27,1
442,1460629,Knight's Gambit,William Faulkner,0451008251,Signet Book,,1949,,2017/10/27,1
443,6599421,For Whom the Bell Tolls,Ernest Hemingway,,Scribner,480,1940,,2017/10/27,1
444,46168,The Sun Also Rises,Ernest Hemingway,0684800713,Scribner,251,1926,,2017/10/27,1
445,10975,The Sound and the Fury,William Faulkner,,Vintage International,366,1929,,2017/10/27,1
446,6193662,Lord of the Flies,William Golding,0571245897,Faber & Faber,224,1954,,2017/10/27,1
447,10567,Cell,Stephen King,1416524517,Pocket Star Books,449,2006,,2017/10/27,1
448,11598,Cujo,Stephen King,,Signet Books,304,1981,,2017/10/27,1
449,10592,Carrie,Stephen King,1416524304,Pocket Books,253,1974,,2017/10/27,1
450,18003,The Gunslinger (The Dark Tower, #1),Stephen King,,Penguin Group New American Library Signet,300,1982,,2017/10/27,1
451,228202,The Stand,Stephen King,0451169530,Signet Books/Penguin Books USA Inc.,1141,1978,,2017/10/27,1
452,18342,It,Stephen King,0451169514,Signet,1090,1986,,2017/10/27,1
453,30756142,Romeo and Juliet,William Shakespeare,0003252450,HarperCollins Publishers,268,1597,,2017/10/27,1
454,919566,A Farewell To Arms,Ernest Hemingway,0020519001,Collier Books,332,1929,,2016/08/13,1
455,7082,Do Androids Dream of Electric Sheep?,Philip K. Dick,0345404475,Del Rey / Ballantine Books,244,1968,,2016/08/13,1
